,Rank,Country,Wins,Seasons active,First win,Last win,drivers
0,1,United Kingdom,93,2007–,2007 Canadian Grand Prix,2020 Emilia Romagna Grand Prix,Lewis Hamilton
1,2,Germany,91,1991–20062010–2012,1992 Belgian Grand Prix,2006 Chinese Grand Prix,Michael Schumacher
2,3,Germany,53,2007–,2008 Italian Grand Prix,2019 Singapore Grand Prix,Sebastian Vettel
3,4,France,51,1980–19911993,1981 French Grand Prix,1993 German Grand Prix,Alain Prost
4,5,Brazil,41,1984–1994,1985 Portuguese Grand Prix,1993 Australian Grand Prix,Ayrton Senna
5,6,Spain,32,20012003–2018,2003 Hungarian Grand Prix,2013 Spanish Grand Prix,Fernando Alonso
6,7,United Kingdom,31,1980–19921994–1995,1985 European Grand Prix,1994 Australian Grand Prix,Nigel Mansell
7,8,United Kingdom,27,1965–1973,1965 Italian Grand Prix,1973 German Grand Prix,Jackie Stewart
8,9,United Kingdom,25,1960–1968,1962 Belgian Grand Prix,1968 South African Grand Prix,Jim Clark
9,9,Austria,25,1971–19791982–1985,1974 Spanish Grand Prix,1985 Dutch Grand Prix,Niki Lauda
10,11,Argentina,24,1950–19511953–1958,1950 Monaco Grand Prix,1957 German Grand Prix,Juan Manuel Fangio
11,12,Brazil,23,1978–1991,1980 United States Grand Prix West,1991 Canadian Grand Prix,Nelson Piquet
12,12,Germany,23,2006–2016,2012 Chinese Grand Prix,2016 Japanese Grand Prix,Nico Rosberg
13,14,United Kingdom,22,1992–1999,1993 Hungarian Grand Prix,1998 Belgian Grand Prix,Damon Hill
14,15,Finland,21,2001–20092012–,2003 Malaysian Grand Prix,2018 United States Grand Prix,Kimi Räikkönen
15,16,Finland,20,1991–2001,1997 European Grand Prix,2001 United States Grand Prix,Mika Häkkinen
16,17,United Kingdom,16,1950–1962,1955 British Grand Prix,1961 German Grand Prix,Stirling Moss
17,18,United Kingdom,15,2000–2017,2006 Hungarian Grand Prix,2012 Brazilian Grand Prix,Jenson Button
18,19,Australia,14,1955–1970,1959 Monaco Grand Prix,1970 South African Grand Prix,Jack Brabham
19,19,United Kingdom,14,1958–1975,1962 Dutch Grand Prix,1969 Monaco Grand Prix,Graham Hill
20,19,Brazil,14,1970–1980,1970 United States Grand Prix,1975 British Grand Prix,Emerson Fittipaldi
21,22,Italy,13,1950–1955,1951 German Grand Prix,1953 Swiss Grand Prix,Alberto Ascari
22,22,United Kingdom,13,1994–2008,1995 Portuguese Grand Prix,2003 Australian Grand Prix,David Coulthard
23,24,United States,12,1968–19721974–1982,1971 South African Grand Prix,1978 Dutch Grand Prix,Mario Andretti
24,24,Argentina,12,1972–1982,1974 South African Grand Prix,1981 Belgian Grand Prix,Carlos Reutemann
25,24,Australia,12,1975–198119831985–1986,1977 Austrian Grand Prix,1981 Caesars Palace Grand Prix,Alan Jones
26,27,Canada,11,1996–2006,1996 European Grand Prix,1997 Luxembourg Grand Prix,Jacques Villeneuve
27,27,Brazil,11,1993–2011,2000 German Grand Prix,2009 Italian Grand Prix,Rubens Barrichello
28,27,Brazil,11,20022004–2017,2006 Turkish Grand Prix,2008 Brazilian Grand Prix,Felipe Massa
29,30,Sweden,10,1970–1978,1973 French Grand Prix,1978 Austrian Grand Prix,Ronnie Peterson
30,30,South Africa,10,1972–1980,1974 Swedish Grand Prix,1979 Italian Grand Prix,Jody Scheckter
31,30,United Kingdom,10,1973–1979,1975 Dutch Grand Prix,1977 Japanese Grand Prix,James Hunt
32,30,Austria,10,1984–1997,1986 Mexican Grand Prix,1997 German Grand Prix,Gerhard Berger
33,34,Australia,9,2002–2013,2009 German Grand Prix,2012 British Grand Prix,Mark Webber
34,34,Netherlands,9,2015–,2016 Spanish Grand Prix,2020 70th Anniversary Grand Prix,Max Verstappen
35,34,Finland,9,2013–,2017 Russian Grand Prix,2020 Russian Grand Prix,Valtteri Bottas
36,37,New Zealand,8,1965–1974,1967 Monaco Grand Prix,1974 Argentine Grand Prix,Denny Hulme
37,37,Belgium,8,1967–1979,1968 French Grand Prix,1972 German Grand Prix,Jacky Ickx
38,39,France,7,1978–1989,1980 Brazilian Grand Prix,1983 Dutch Grand Prix,René Arnoux
39,39,Colombia,7,2001–2006,2001 Italian Grand Prix,2005 Brazilian Grand Prix,Juan Pablo Montoya
40,39,Australia,7,2011–,2014 Canadian Grand Prix,2018 Monaco Grand Prix,Daniel Ricciardo
41,42,United Kingdom,6,1956–1961,1957 British Grand Prix,1959 German Grand Prix,Tony Brooks
42,42,United Kingdom,6,1960–1972,1963 German Grand Prix,1967 Italian Grand Prix,John Surtees
43,42,Austria,6,1964–1970,1969 United States Grand Prix,1970 German Grand Prix,Jochen Rindt
44,42,France,6,1974–1986,1977 Swedish Grand Prix,1981 Canadian Grand Prix,Jacques Laffite
45,42,Canada,6,1977–1982,1978 Canadian Grand Prix,1981 Spanish Grand Prix,Gilles Villeneuve
46,42,Italy,6,1977–1993,1982 Monaco Grand Prix,1992 Japanese Grand Prix,Riccardo Patrese
47,42,Germany,6,1997–2007,2001 San Marino Grand Prix,2003 French Grand Prix,Ralf Schumacher
48,49,Italy,5,1950–1955,1950 British Grand Prix,1953 German Grand Prix,Giuseppe Farina
49,49,Switzerland,5,1970–1980,1970 Italian Grand Prix,1979 British Grand Prix,Clay Regazzoni
50,49,United Kingdom,5,1973–19831985,1976 Austrian Grand Prix,1983 United States West Grand Prix,John Watson
51,49,Finland,5,1978–1986,1982 Swiss Grand Prix,1985 Australian Grand Prix,Keke Rosberg
52,49,Italy,5,1981–1994,1982 Caesars Palace Grand Prix,1985 German Grand Prix,Michele Alboreto
53,54,New Zealand,4,1959–1970,1959 United States Grand Prix,1968 Belgian Grand Prix,Bruce McLaren
54,54,United States,4,1959–19681970,1962 French Grand Prix,1967 Belgian Grand Prix,Dan Gurney
55,54,United Kingdom,4,1993–2002,1999 Australian Grand Prix,1999 Malaysian Grand Prix,Eddie Irvine
56,57,United Kingdom,3,1952–1958,1953 French Grand Prix,1958 French Grand Prix,Mike Hawthorn
57,57,United Kingdom,3,1952–1958,1956 Belgian Grand Prix,1958 British Grand Prix,Peter Collins
58,57,United States,3,1958–19641966,1960 Italian Grand Prix,1961 Italian Grand Prix,Phil Hill
59,57,France,3,1978–1982,1980 Belgian Grand Prix,1982 Dutch Grand Prix,Didier Pironi
60,57,Belgium,3,1983–1993,1989 Canadian Grand Prix,1990 Hungarian Grand Prix,Thierry Boutsen
61,57,United Kingdom,3,1989–2000,1995 British Grand Prix,1999 European Grand Prix,Johnny Herbert
62,57,Germany,3,1994–2003,1997 San Marino Grand Prix,1999 Italian Grand Prix,Heinz-Harald Frentzen
63,57,Italy,3,1996–2009,2003 Brazilian Grand Prix,2006 Malaysian Grand Prix,Giancarlo Fisichella
64,65,Argentina,2,1950–19571960,1951 British Grand Prix,1954 British Grand Prix,José Froilán González
65,65,United States,2,1951–1955,1953 Indianapolis 500,1954 Indianapolis 500,Bill Vukovich
66,65,France,2,1950–1964,1955 Monaco Grand Prix,1958 Monaco Grand Prix,Maurice Trintignant
67,65,Germany,2,1956–1961,1961 Dutch Grand Prix,1961 British Grand Prix,Wolfgang von Trips
68,65,Mexico,2,1963–1971,1967 South African Grand Prix,1970 Belgian Grand Prix,Pedro Rodríguez
69,65,Switzerland,2,1962–1971,1968 British Grand Prix,1971 Austrian Grand Prix,Jo Siffert
70,65,United States,2,19641971–1974,1973 British Grand Prix,1973 Canadian Grand Prix,Peter Revson
71,65,France,2,19721974–1980,1978 Monaco Grand Prix,1979 Spanish Grand Prix,Patrick Depailler
72,65,France,2,1974–19751977–1981,1979 French Grand Prix,1980 Austrian Grand Prix,Jean-Pierre Jabouille
73,65,France,2,1977–1986,1982 German Grand Prix,1983 San Marino Grand Prix,Patrick Tambay
74,65,Italy,2,1979–1986,1982 Austrian Grand Prix,1985 San Marino Grand Prix,Elio de Angelis
75,65,Monaco,2,2018–,2019 Belgian Grand Prix,2019 Italian Grand Prix,Charles Leclerc
76,77,United States,1,1950–1958,1950 Indianapolis 500,1950 Indianapolis 500,Johnnie Parsons
77,77,United States,1,1950–1951,1951 Indianapolis 500,1951 Indianapolis 500,Lee Wallard
78,77,Italy,1,1950–1951,1951 French Grand Prix,1951 French Grand Prix,Luigi Fagioli
79,77,Italy,1,1950–1956,1952 Swiss Grand Prix,1952 Swiss Grand Prix,Piero Taruffi
80,77,United States,1,1950–195219541956–19581960,1952 Indianapolis 500,1952 Indianapolis 500,Troy Ruttman
81,77,United States,1,1952–1956,1955 Indianapolis 500,1955 Indianapolis 500,Bob Sweikert
82,77,Italy,1,1954–1958,1956 Argentine Grand Prix,1956 Argentine Grand Prix,Luigi Musso
83,77,United States,1,1950–1959,1956 Indianapolis 500,1956 Indianapolis 500,Pat Flaherty
84,77,United States,1,1950–1957,1957 Indianapolis 500,1957 Indianapolis 500,Sam Hanks
85,77,United States,1,1952–1960,1958 Indianapolis 500,1958 Indianapolis 500,Jimmy Bryan
86,77,United States,1,1951–19601963,1959 Indianapolis 500,1959 Indianapolis 500,Rodger Ward
87,77,Sweden,1,1956–1971,1959 Dutch Grand Prix,1959 Dutch Grand Prix,Joakim Bonnier
88,77,United States,1,19501952–1960,1960 Indianapolis 500,1960 Indianapolis 500,Jim Rathmann
89,77,Italy,1,1961–1967,1961 French Grand Prix,1961 French Grand Prix,Giancarlo Baghetti
90,77,United Kingdom,1,1959–1966,1961 United States Grand Prix,1961 United States Grand Prix,Innes Ireland
91,77,Italy,1,1961–1967,1964 Austrian Grand Prix,1964 Austrian Grand Prix,Lorenzo Bandini
92,77,United States,1,1960–1967,1965 Mexican Grand Prix,1965 Mexican Grand Prix,Richie Ginther
93,77,Italy,1,1963–1968,1966 Italian Grand Prix,1966 Italian Grand Prix,Ludovico Scarfiotti
94,77,United Kingdom,1,1970–1974,1971 Italian Grand Prix,1971 Italian Grand Prix,Peter Gethin
95,77,France,1,1970–1973,1971 United States Grand Prix,1971 United States Grand Prix,François Cevert
96,77,France,1,1967–1974,1972 Monaco Grand Prix,1972 Monaco Grand Prix,Jean-Pierre Beltoise
97,77,Brazil,1,1972–1977,1975 Brazilian Grand Prix,1975 Brazilian Grand Prix,José Carlos Pace
98,77,Germany,1,1973–1982,1975 Spanish Grand Prix,1975 Spanish Grand Prix,Jochen Mass
99,77,Italy,1,1974–1980,1975 Austrian Grand Prix,1975 Austrian Grand Prix,Vittorio Brambilla
100,77,Sweden,1,1976–1977,1977 Belgian Grand Prix,1977 Belgian Grand Prix,Gunnar Nilsson
101,77,Italy,1,1986–1990,1989 Japanese Grand Prix,1989 Japanese Grand Prix,Alessandro Nannini
102,77,France,1,1989–2001,1995 Canadian Grand Prix,1995 Canadian Grand Prix,Jean Alesi
103,77,France,1,1994–19992001–2004,1996 Monaco Grand Prix,1996 Monaco Grand Prix,Olivier Panis
104,77,Italy,1,1997–2011,2004 Monaco Grand Prix,2004 Monaco Grand Prix,Jarno Trulli
105,77,Poland,1,2006–20102019,2008 Canadian Grand Prix,2008 Canadian Grand Prix,Robert Kubica
106,77,Finland,1,2007–2013,2008 Hungarian Grand Prix,2008 Hungarian Grand Prix,Heikki Kovalainen
107,77,Venezuela,1,2011–2015,2012 Spanish Grand Prix,2012 Spanish Grand Prix,Pastor Maldonado
108,77,France,1,2017–,2020 Italian Grand Prix,2020 Italian Grand Prix,Pierre Gasly
